Sample	posterior	ESS(posterior)	likelihood	prior
0	-8449.850559558257	N	-8442.0556906803	-7.794868877958134
1000	-7867.340658425061	2.0	-7863.241568710306	-4.099089714755055
2000	-7869.346830500734	3.0	-7864.72665619277	-4.620174307963597
3000	-7871.582296106929	4.0	-7866.12447016975	-5.457825937179495
