Sample	posterior	ESS(posterior)	likelihood	prior
0	-9930.550973470876	N	-9925.839347033028	-4.711626437847129
1000	-6520.476151660848	2.0	-6516.996502083161	-3.4796495776864083
2000	-6519.988320119837	3.0	-6517.850666337645	-2.1376537821925554
3000	-6520.70591474207	4.0	-6516.147321338517	-4.558593403552373
