Sample	posterior	ESS(posterior)	likelihood	prior
0	-6354.130086833048	N	-6351.449337178996	-2.680749654052698
1000	-4976.529726946118	2.0	-4973.603376056648	-2.9263508894701
2000	-4976.357956611011	3.0	-4973.807289377391	-2.550667233620943
3000	-4979.294878364718	4.0	-4976.629396792643	-2.665481572075147
