Sample	posterior	ESS(posterior)	likelihood	prior
0	-11075.729211260199	N	-11066.28946058106	-9.43975067913885
1000	-7460.44196622242	2.0	-7457.783128683647	-2.65883753877309
2000	-7459.477724565979	3.0	-7456.857303858597	-2.6204207073814207
3000	-7457.565005096426	4.0	-7455.598951490633	-1.9660536057923075
