Sample	posterior	ESS(posterior)	likelihood	prior
0	-7186.320729771442	N	-7178.767441789512	-7.55328798192949
1000	-5812.489046845205	2.0	-5807.19790804719	-5.291138798014484
2000	-5810.689492161308	3.0	-5807.905769565843	-2.783722595465157
3000	-5811.146946019948	4.0	-5808.862337217453	-2.284608802494293
